<?xml version="1.0" encoding="UTF-8"?>
<beans:beans xmlns="http://www.springframework.org/schema/mvc"
	xmlns:xsi="http://www.w3.org/2001/XMLSchema-instance"
	xmlns:beans="http://www.springframework.org/schema/beans"
	xmlns:context="http://www.springframework.org/schema/context"
	xsi:schemaLocation="http://www.springframework.org/schema/mvc http://www.springframework.org/schema/mvc/spring-mvc.xsd
		http://www.springframework.org/schema/beans http://www.springframework.org/schema/beans/spring-beans.xsd
		http://www.springframework.org/schema/context http://www.springframework.org/schema/context/spring-context.xsd">

	<!-- DispatcherServlet Context: defines this servlet's request-processing infrastructure -->
	
	<!-- Enables the Spring MVC @Controller programming model -->
	<annotation-driven />
	
	<!-- Handles HTTP GET requests for /resources/** by efficiently serving up static resources in the ${webappRoot}/resources directory -->
	
	
	<resources mapping="/resources/**" location="/resources/" />
	

	<!-- Resolves views selected for rendering by @Controllers to .jsp resources in the /WEB-INF/views directory -->
	<beans:bean class="org.springframework.web.servlet.view.InternalResourceViewResolver">
		<beans:property name="prefix" value="/WEB-INF/views/" />
		<beans:property name="suffix" value=".jsp" />
	</beans:bean>
	
	<beans:bean id="multipartResolver" class="org.springframework.web.multipart.commons.CommonsMultipartResolver">
      
      <beans:property name="maxUploadSize" value="10485760" />
      <beans:property name="defaultEncoding" value="utf-8" />
   
   </beans:bean>
	
	<!-- 빈설정을 annotation으로 한다.(자동스캐닝 @Controller에 대한 auto scanning) -->
	<context:annotation-config /><!-- 어노테이션이 붙은 클래스를 찾아서 컨테이너에 등록 -->
	<!-- Controller Scanning하는 base package 지정 -->
	<context:component-scan base-package="com.jblog.controller, com.jblog.exception, com.jblog.controller.api" />
	
	
	
	<!--<beans:bean id="multipartResolver"
	  class="org.springframework.web.multipart.support.StandardServletMultipartResolver">
	</beans:bean>  -->	
	
	
</beans:beans>
